{
  "kind": "collectionType",
  "collectionName": "collections",
  "info": {
    "singularName": "collection",
    "pluralName": "collections",
    "displayName": "collection"
  },
  "options": {
    "draftAndPublish": true
  },
  "pluginOptions": {},
  "attributes": {
    "title": {
      "type": "string"
    },
    "image": {
      "allowedTypes": [
        "images"
      ],
      "type": "media",
      "multiple": false
    },
    "description": {
      "type": "text"
    },
    "favorite": {
      "type": "boolean"
    }
  }
}
